name,ISO3166-1-Alpha-2,ISO3166-1-Alpha-3,ISO4217-currency_alphabetic_code,ISO4217-currency_country_name,ISO4217-currency_name
Afghanistan,AF,AFG,AFN,AFGHANISTAN,Afghani
Albania,AL,ALB,ALL,ALBANIA,Lek
Algeria,DZ,DZA,DZD,ALGERIA,Algerian Dinar
American Samoa,AS,ASM,USD,AMERICAN SAMOA,US Dollar
Andorra,AD,AND,EUR,ANDORRA,Euro
Angola,AO,AGO,AOA,ANGOLA,Kwanza
Anguilla,AI,AIA,XCD,ANGUILLA,East Caribbean Dollar
Antigua & Barbuda,AG,ATG,XCD,ANTIGUA AND BARBUDA,East Caribbean Dollar
Argentina,AR,ARG,ARS,ARGENTINA,Argentine Peso
Armenia,AM,ARM,AMD,ARMENIA,Armenian Dram
Aruba,AW,ABW,AWG,ARUBA,Aruban Florin
Australia,AU,AUS,AUD,AUSTRALIA,Australian Dollar
Austria,AT,AUT,EUR,AUSTRIA,Euro
Azerbaijan,AZ,AZE,AZN,AZERBAIJAN,Azerbaijanian Manat
Bahamas,BS,BHS,BSD,BAHAMAS,Bahamian Dollar
Bahrain,BH,BHR,BHD,BAHRAIN,Bahraini Dinar
Bangladesh,BD,BGD,BDT,BANGLADESH,Taka
Barbados,BB,BRB,BBD,BARBADOS,Barbados Dollar
Belarus,BY,BLR,BYR,BELARUS,Belarussian Ruble
Belgium,BE,BEL,EUR,BELGIUM,Euro
Belize,BZ,BLZ,BZD,BELIZE,Belize Dollar
Benin,BJ,BEN,XOF,BENIN,CFA Franc BCEAO
Bermuda,BM,BMU,BMD,BERMUDA,Bermudian Dollar
Bhutan,BT,BTN,INR,BHUTAN,Indian Rupee
Bolivia,BO,BOL,BOB,"BOLIVIA, PLURINATIONAL STATE OF",Boliviano
Bosnia,BA,BIH,BAM,BOSNIA AND HERZEGOVINA,Convertible Mark
Botswana,BW,BWA,BWP,BOTSWANA,Pula
Bouvet Island,BV,BVT,NOK,,Norwegian Krone
Brazil,BR,BRA,BRL,BRAZIL,Brazilian Real
British Indian Ocean Territory,IO,IOT,USD,,US Dollar
British Virgin Islands,VG,VGB,USD,VIRGIN ISLANDS (BRITISH),US Dollar
Brunei,BN,BRN,BND,BRUNEI DARUSSALAM,Brunei Dollar
Bulgaria,BG,BGR,BGN,BULGARIA,Bulgarian Lev
Burkina Faso,BF,BFA,XOF,BURKINA FASO,CFA Franc BCEAO
Burundi,BI,BDI,BIF,BURUNDI,Burundi Franc
Cambodia,KH,KHM,KHR,CAMBODIA,Riel
Cameroon,CM,CMR,XAF,CAMEROON,CFA Franc BEAC
Canada,CA,CAN,CAD,CANADA,Canadian Dollar
Cape Verde,CV,CPV,CVE,CABO VERDE,Cabo Verde Escudo
Caribbean Netherlands,BQ,BES,USD,"BONAIRE, SINT EUSTATIUS AND SABA",US Dollar
Cayman Islands,KY,CYM,KYD,CAYMAN ISLANDS,Cayman Islands Dollar
Central African Republic,CF,CAF,XAF,CENTRAL AFRICAN REPUBLIC,CFA Franc BEAC
Chad,TD,TCD,XAF,CHAD,CFA Franc BEAC
Chile,CL,CHL,CLP,CHILE,Chilean Peso
China,CN,CHN,CNY,CHINA,Yuan Renminbi
Christmas Island,CX,CXR,AUD,,Australian Dollar
Cocos (Keeling) Islands,CC,CCK,AUD,,Australian Dollar
Colombia,CO,COL,COP,COLOMBIA,Colombian Peso
Comoros,KM,COM,KMF,COMOROS,Comoro Franc
Congo - Brazzaville,CG,COG,XAF,CONGO,CFA Franc BEAC
Congo - Kinshasa,CD,COD,CDF,,Congolese franc
Cook Islands,CK,COK,NZD,COOK ISLANDS,New Zealand Dollar
Costa Rica,CR,CRI,CRC,COSTA RICA,Costa Rican Colon
Croatia,HR,HRV,HRK,CROATIA,Croatian Kuna
Cuba,CU,CUB,CUP,CUBA,Cuban Peso
Cura’_ao,CW,CUW,ANG,CURA’öAO,Netherlands Antillean Guilder
Cyprus,CY,CYP,EUR,CYPRUS,Euro
Czech Republic,CZ,CZE,CZK,,Czech koruna
Cote d'Ivoire,CI,CIV,XOF,C’”TE D'IVOIRE,CFA Franc BCEAO
Denmark,DK,DNK,DKK,DENMARK,Danish Krone
Djibouti,DJ,DJI,DJF,DJIBOUTI,Djibouti Franc
Dominica,DM,DMA,XCD,DOMINICA,East Caribbean Dollar
Dominican Republic,DO,DOM,DOP,DOMINICAN REPUBLIC,Dominican Peso
Ecuador,EC,ECU,USD,ECUADOR,US Dollar
Egypt,EG,EGY,EGP,EGYPT,Egyptian Pound
El Salvador,SV,SLV,USD,EL SALVADOR,US Dollar
Equatorial Guinea,GQ,GNQ,XAF,EQUATORIAL GUINEA,CFA Franc BEAC
Eritrea,ER,ERI,ERN,ERITREA,Nakfa
Estonia,EE,EST,EUR,ESTONIA,Euro
Ethiopia,ET,ETH,ETB,ETHIOPIA,Ethiopian Birr
Falkland Islands,FK,FLK,FKP,FALKLAND ISLANDS (MALVINAS),Falkland Islands Pound
Faroe Islands,FO,FRO,FOK,,Faroese krona
Fiji,FJ,FJI,FJD,FIJI,Fiji Dollar
Finland,FI,FIN,EUR,FINLAND,Euro
France,FR,FRA,EUR,FRANCE,Euro
French Guiana,GF,GUF,EUR,FRENCH GUIANA,Euro
French Polynesia,PF,PYF,XPF,FRENCH POLYNESIA,CFP Franc
French Southern Territories,TF,ATF,EUR,,Euro
Gabon,GA,GAB,XAF,GABON,CFA Franc BEAC
Gambia,GM,GMB,GMD,GAMBIA,Dalasi
Georgia,GE,GEO,GEL,GEORGIA,Lari
Germany,DE,DEU,EUR,GERMANY,Euro
Ghana,GH,GHA,GHS,GHANA,Ghana Cedi
Gibraltar,GI,GIB,GIP,GIBRALTAR,Gibraltar Pound
Greece,GR,GRC,EUR,GREECE,Euro
Greenland,GL,GRL,DKK,GREENLAND,Danish Krone
Grenada,GD,GRD,XCD,GRENADA,East Caribbean Dollar
Guadeloupe,GP,GLP,EUR,GUADELOUPE,Euro
Guam,GU,GUM,USD,GUAM,US Dollar
Guatemala,GT,GTM,GTQ,GUATEMALA,Quetzal
Guernsey,GG,GGY,GBP,GUERNSEY,Pound Sterling
Guinea,GN,GIN,GNF,GUINEA,Guinea Franc
Guinea-Bissau,GW,GNB,XOF,GUINEA-BISSAU,CFA Franc BCEAO
Guyana,GY,GUY,GYD,GUYANA,Guyana Dollar
Haiti,HT,HTI,USD,HAITI,US Dollar
Heard & McDonald Islands,HM,HMD,AUD,,Australian Dollar
Honduras,HN,HND,HNL,HONDURAS,Lempira
Hong Kong,HK,HKG,HKD,,Hong Kong Dollar
Hungary,HU,HUN,HUF,HUNGARY,Forint
Iceland,IS,ISL,ISK,ICELAND,Iceland Krona
India,IN,IND,INR,INDIA,Indian Rupee
Indonesia,ID,IDN,IDR,INDONESIA,Rupiah
Iran,IR,IRN,IRR,"IRAN, ISLAMIC REPUBLIC OF",Iranian Rial
Iraq,IQ,IRQ,IQD,IRAQ,Iraqi Dinar
Ireland,IE,IRL,EUR,IRELAND,Euro
Isle of Man,IM,IMN,GBP,ISLE OF MAN,Pound Sterling
Israel,IL,ISR,ILS,ISRAEL,New Israeli Sheqel
Italy,IT,ITA,EUR,ITALY,Euro
Jamaica,JM,JAM,JMD,JAMAICA,Jamaican Dollar
Japan,JP,JPN,JPY,JAPAN,Yen
Jersey,JE,JEY,GBP,JERSEY,Pound Sterling
Jordan,JO,JOR,JOD,JORDAN,Jordanian Dinar
Kazakhstan,KZ,KAZ,KZT,KAZAKHSTAN,Tenge
Kenya,KE,KEN,KES,KENYA,Kenyan Shilling
Kiribati,KI,KIR,AUD,KIRIBATI,Australian Dollar
Kosovo,XK,UNK,EUR,KOSOVO,Euro
Kuwait,KW,KWT,KWD,KUWAIT,Kuwaiti Dinar
Kyrgyzstan,KG,KGZ,KGS,KYRGYZSTAN,Som
Laos,LA,LAO,LAK,LAO PEOPLEŠ—ÈS DEMOCRATIC REPUBLIC,Kip
Latvia,LV,LVA,EUR,LATVIA,Euro
Lebanon,LB,LBN,LBP,LEBANON,Lebanese Pound
Lesotho,LS,LSO,ZAR,LESOTHO,Rand
Liberia,LR,LBR,LRD,LIBERIA,Liberian Dollar
Libya,LY,LBY,LYD,LIBYA,Libyan Dinar
Liechtenstein,LI,LIE,CHF,LIECHTENSTEIN,Swiss Franc
Lithuania,LT,LTU,EUR,LITHUANIA,Euro
Luxembourg,LU,LUX,EUR,LUXEMBOURG,Euro
Macau,MO,MAC,MOP,MACAO,Pataca
Macedonia,MK,MKD,MKD,"MACEDONIA, THE FORMER YUGOSLAV REPUBLIC OF",Denar
Madagascar,MG,MDG,MGA,MADAGASCAR,Malagasy Ariary
Malawi,MW,MWI,MWK,MALAWI,Kwacha
Malaysia,MY,MYS,MYR,MALAYSIA,Malaysian Ringgit
Maldives,MV,MDV,MVR,MALDIVES,Rufiyaa
Mali,ML,MLI,XOF,MALI,CFA Franc BCEAO
Malta,MT,MLT,EUR,MALTA,Euro
Marshall Islands,MH,MHL,USD,MARSHALL ISLANDS,US Dollar
Martinique,MQ,MTQ,EUR,MARTINIQUE,Euro
Mauritania,MR,MRT,MRO,MAURITANIA,Ouguiya
Mauritius,MU,MUS,MUR,MAURITIUS,Mauritius Rupee
Mayotte,YT,MYT,EUR,MAYOTTE,Euro
Mexico,MX,MEX,MXN,MEXICO,Mexican Peso
Micronesia,FM,FSM,USD,"MICRONESIA, FEDERATED STATES OF",US Dollar
Moldova,MD,MDA,MDL,"MOLDOVA, REPUBLIC OF",Moldovan Leu
Monaco,MC,MCO,EUR,MONACO,Euro
Mongolia,MN,MNG,MNT,MONGOLIA,Tugrik
Montenegro,ME,MNE,EUR,MONTENEGRO,Euro
Montserrat,MS,MSR,XCD,MONTSERRAT,East Caribbean Dollar
Morocco,MA,MAR,MAD,MOROCCO,Moroccan Dirham
Mozambique,MZ,MOZ,MZN,MOZAMBIQUE,Mozambique Metical
Myanmar,MM,MMR,MMK,MYANMAR,Kyat
Namibia,NA,NAM,ZAR,NAMIBIA,Rand
Nauru,NR,NRU,AUD,NAURU,Australian Dollar
Nepal,NP,NPL,NPR,NEPAL,Nepalese Rupee
Netherlands,NL,NLD,EUR,NETHERLANDS,Euro
New Caledonia,NC,NCL,XPF,NEW CALEDONIA,CFP Franc
New Zealand,NZ,NZL,NZD,NEW ZEALAND,New Zealand Dollar
Nicaragua,NI,NIC,NIO,NICARAGUA,Cordoba Oro
Niger,NE,NER,XOF,NIGER,CFA Franc BCEAO
Nigeria,NG,NGA,NGN,NIGERIA,Naira
Niue,NU,NIU,NZD,NIUE,New Zealand Dollar
Norfolk Island,NF,NFK,AUD,NORFOLK ISLAND,Australian Dollar
North Korea,KP,PRK,KPW,"KOREA, DEMOCRATIC PEOPLEŠ—ÈS REPUBLIC OF",North Korean Won
Northern Mariana Islands,MP,MNP,USD,NORTHERN MARIANA ISLANDS,US Dollar
Norway,NO,NOR,NOK,NORWAY,Norwegian Krone
Oman,OM,OMN,OMR,OMAN,Rial Omani
Pakistan,PK,PAK,PKR,PAKISTAN,Pakistan Rupee
Palau,PW,PLW,USD,PALAU,US Dollar
Palestine,PS,PSE,ILS,"PALESTINE, STATE OF",No universal currency
Panama,PA,PAN,USD,PANAMA,US Dollar
Papua New Guinea,PG,PNG,PGK,PAPUA NEW GUINEA,Kina
Paraguay,PY,PRY,PYG,PARAGUAY,Guarani
Peru,PE,PER,PEN,PERU,Nuevo Sol
Philippines,PH,PHL,PHP,PHILIPPINES,Philippine Peso
Pitcairn Islands,PN,PCN,NZD,PITCAIRN,New Zealand Dollar
Poland,PL,POL,PLN,POLAND,Zloty
Portugal,PT,PRT,EUR,PORTUGAL,Euro
Puerto Rico,PR,PRI,USD,PUERTO RICO,US Dollar
Qatar,QA,QAT,QAR,QATAR,Qatari Rial
Romania,RO,ROU,RON,ROMANIA,New Romanian Leu
Russia,RU,RUS,RUB,RUSSIAN FEDERATION,Russian Ruble
Rwanda,RW,RWA,RWF,RWANDA,Rwanda Franc
R’©union,RE,REU,EUR,R’_UNION,Euro
Samoa,WS,WSM,WST,SAMOA,Tala
San Marino,SM,SMR,EUR,SAN MARINO,Euro
Saudi Arabia,SA,SAU,SAR,SAUDI ARABIA,Saudi Riyal
Senegal,SN,SEN,XOF,SENEGAL,CFA Franc BCEAO
Serbia,RS,SRB,RSD,SERBIA,Serbian Dinar
Seychelles,SC,SYC,SCR,SEYCHELLES,Seychelles Rupee
Sierra Leone,SL,SLE,SLL,SIERRA LEONE,Leone
Singapore,SG,SGP,SGD,SINGAPORE,Singapore Dollar
Sint Maarten,SX,SXM,ANG,SINT MAARTEN (DUTCH PART),Netherlands Antillean Guilder
Slovakia,SK,SVK,EUR,SLOVAKIA,Euro
Slovenia,SI,SVN,EUR,SLOVENIA,Euro
Solomon Islands,SB,SLB,SBD,SOLOMON ISLANDS,Solomon Islands Dollar
Somalia,SO,SOM,SOS,SOMALIA,Somali Shilling
South Africa,ZA,ZAF,ZAR,SOUTH AFRICA,Rand
South Georgia & South Sandwich Islands,GS,SGS,FKP,,Falkland Islands Pound
South Korea,KR,KOR,KRW,"KOREA, REPUBLIC OF",Won
South Sudan,SS,SSD,SSP,SOUTH SUDAN,South Sudanese Pound
Spain,ES,ESP,EUR,SPAIN,Euro
Sri Lanka,LK,LKA,LKR,SRI LANKA,Sri Lanka Rupee
St. Barth’©lemy,BL,BLM,EUR,SAINT BARTH’_LEMY,Euro
St. Helena,SH,SHN,SHP,"SAINT HELENA, ASCENSION AND TRISTAN DA CUNHA",Saint Helena Pound
St. Kitts & Nevis,KN,KNA,XCD,SAINT KITTS AND NEVIS,East Caribbean Dollar
St. Lucia,LC,LCA,XCD,SAINT LUCIA,East Caribbean Dollar
St. Martin,MF,MAF,EUR,SAINT MARTIN (FRENCH PART),Euro
St. Pierre & Miquelon,PM,SPM,EUR,SAINT PIERRE AND MIQUELON,Euro
St. Vincent & Grenadines,VC,VCT,XCD,SAINT VINCENT AND THE GRENADINES,East Caribbean Dollar
Sudan,SD,SDN,SDG,SUDAN,Sudanese Pound
Suriname,SR,SUR,SRD,SURINAME,Surinam Dollar
Svalbard & Jan Mayen,SJ,SJM,NOK,SVALBARD AND JAN MAYEN,Norwegian Krone
Swaziland,SZ,SWZ,SZL,SWAZILAND,Lilangeni
Sweden,SE,SWE,SEK,SWEDEN,Swedish Krona
Switzerland,CH,CHE,CHF,SWITZERLAND,Swiss Franc
Syria,SY,SYR,SYP,SYRIAN ARAB REPUBLIC,Syrian Pound
S’£o Tom’© & Pr’_ncipe,ST,STP,STD,SAO TOME AND PRINCIPE,Dobra
Taiwan,TW,TWN,TWD,,New Taiwan Dollar
Tajikistan,TJ,TJK,TJS,TAJIKISTAN,Somoni
Tanzania,TZ,TZA,TZS,"TANZANIA, UNITED REPUBLIC OF",Tanzanian Shilling
Thailand,TH,THA,THB,THAILAND,Baht
Timor-Leste,TL,TLS,USD,TIMOR-LESTE,US Dollar
Togo,TG,TGO,XOF,TOGO,CFA Franc BCEAO
Tokelau,TK,TKL,NZD,TOKELAU,New Zealand Dollar
Tonga,TO,TON,TOP,TONGA,PaŠ—Èanga
Trinidad & Tobago,TT,TTO,TTD,TRINIDAD AND TOBAGO,Trinidad and Tobago Dollar
Tunisia,TN,TUN,TND,TUNISIA,Tunisian Dinar
Turkey,TR,TUR,TRY,TURKEY,Turkish Lira
Turkmenistan,TM,TKM,TMT,TURKMENISTAN,Turkmenistan New Manat
Turks & Caicos Islands,TC,TCA,USD,TURKS AND CAICOS ISLANDS,US Dollar
Tuvalu,TV,TUV,AUD,TUVALU,Australian Dollar
U.S. Outlying Islands,UM,UMI,USD,,US Dollar
U.S. Virgin Islands,VI,VIR,USD,VIRGIN ISLANDS (U.S.),US Dollar
UK,GB,GBR,GBP,UNITED KINGDOM,Pound Sterling
US,US,USA,USD,UNITED STATES,US Dollar
Uganda,UG,UGA,UGX,UGANDA,Uganda Shilling
Ukraine,UA,UKR,UAH,UKRAINE,Hryvnia
United Arab Emirates,AE,ARE,AED,UNITED ARAB EMIRATES,UAE Dirham
Uruguay,UY,URY,UYU,URUGUAY,Peso Uruguayo
Uzbekistan,UZ,UZB,UZS,UZBEKISTAN,Uzbekistan Sum
Vanuatu,VU,VUT,VUV,VANUATU,Vatu
Vatican City,VA,VAT,EUR,HOLY SEE (VATICAN CITY STATE),Euro
Venezuela,VE,VEN,VEF,"VENEZUELA, BOLIVARIAN REPUBLIC OF",Bolivar
Vietnam,VN,VNM,VND,VIET NAM,Dong
Wallis & Futuna,WF,WLF,XPF,WALLIS AND FUTUNA,CFP Franc
Western Sahara,EH,ESH,MAD,WESTERN SAHARA,Moroccan Dirham
Yemen,YE,YEM,YER,YEMEN,Yemeni Rial
Zambia,ZM,ZMB,ZMW,ZAMBIA,Zambian Kwacha
Zimbabwe,ZW,ZWE,ZWL,ZIMBABWE,Zimbabwe Dollar
Հland Islands,AX,ALA,EUR,ՀLAND ISLANDS,Euro